<?xml version="1.0" encoding="UTF-8"?>
<project xmlns="http://www.netbeans.org/ns/project/1">
    <type>com.microchip.mplab.nbide.embedded.makeproject</type>
    <configuration>
        <data xmlns="http://www.netbeans.org/ns/make-project/1">
            <name>Rev2.1Q84</name>
            <creation-uuid>c8f93f43-6f24-4376-8375-bb265d4308e7</creation-uuid>
            <make-project-type>0</make-project-type>
            <sourceEncoding>Shift_JIS</sourceEncoding>
            <make-dep-projects/>
            <sourceRootList>
                <sourceRootElem>../src</sourceRootElem>
                <sourceRootElem>../drivers</sourceRootElem>
                <sourceRootElem>../fatfs</sourceRootElem>
            </sourceRootList>
            <confList>
                <confElem>
                    <name>default</name>
                    <type>2</type>
                </confElem>
            </confList>
            <formatting>
                <project-formatting-style>false</project-formatting-style>
            </formatting>
        </data>
    </configuration>
</project>
